{"cameraMode":{"drawMode":0,"name":"Shaded","section":"Shading Mode"},"sceneLighting":false,"audioPlay":false,"sceneViewState":{"m_AlwaysRefresh":false,"showFog":true,"showSkybox":false,"showFlares":true,"showImageEffects":true,"showParticleSystems":true,"showVisualEffectGraphs":true,"m_FxEnabled":true},"in2DMode":false,"pivot":{"x":-5.449795722961426,"y":0.09035693854093552,"z":2.729294776916504},"rotation":{"x":0.42340773344039919,"y":0.10397670418024063,"z":-0.04899116978049278,"w":0.898618757724762},"size":13.291123390197754,"orthographic":false}